cv_text,personality
"Experienced in public speaking and networking. Strong communication skills and teamwork abilities.",Extroverted
"Detail-oriented professional with a focus on data analysis and problem-solving. Excellent team player and communication skills.",Conscientious
"Introverted with a focus on individual tasks. Skilled in research and analytical thinking. Strong organizational and time management abilities.",Introverted
"Good at problem-solving and creative thinking. Proficient in programming languages like Python, Java, and C++.",Extroverted
"Detail-oriented and organized in project management. Exceptional leadership and team coordination skills. Proficient in Agile methodologies.",Conscientious
"Enjoys working independently and self-motivated. Experienced in web development (HTML, CSS, JavaScript) and UI/UX design.",Introverted
"Adaptable and open to new challenges. Skilled in mobile app development (Android and iOS) and proficient in Swift and Kotlin.",Open-minded
"Leadership skills with experience in team management. Excellent public speaking and negotiation abilities.",Extroverted
"Collaborative team player with excellent interpersonal skills. Proficient in cloud computing platforms (AWS, Azure) and DevOps practices.",Extroverted
"Analytical thinker with a focus on data-driven decisions. Experience in machine learning and data modeling using Python and R.",Conscientious
